"Date","Price","Open","High","Low","Vol.","Change %"
"03/29/2019","2,834.40","2,828.30","2,836.00","2,819.20","","0.67%"
"03/28/2019","2,815.40","2,809.40","2,819.70","2,798.80","","0.36%"
"03/27/2019","2,805.40","2,819.70","2,825.60","2,787.70","","-0.46%"
"03/26/2019","2,818.50","2,812.70","2,829.90","2,804.00","","0.72%"
"03/25/2019","2,798.40","2,796.00","2,809.80","2,785.00","","-0.08%"
"03/22/2019","2,800.70","2,844.50","2,846.20","2,800.50","","-1.90%"
"03/21/2019","2,854.90","2,819.70","2,860.30","2,817.40","","1.09%"
"03/20/2019","2,824.20","2,831.30","2,843.50","2,812.40","","-0.30%"
"03/19/2019","2,832.60","2,840.80","2,852.40","2,823.30","","-0.01%"
"03/18/2019","2,832.90","2,822.60","2,835.40","2,822.00","","0.37%"
"03/15/2019","2,822.50","2,810.80","2,830.70","2,810.80","","0.50%"
"03/14/2019","2,808.50","2,810.40","2,815.00","2,803.50","","-0.09%"
"03/13/2019","2,810.90","2,799.80","2,821.20","2,799.80","","0.69%"
"03/12/2019","2,791.50","2,787.30","2,798.30","2,786.70","","0.29%"
"03/11/2019","2,783.30","2,747.60","2,784.00","2,747.60","","1.47%"
"03/08/2019","2,743.10","2,730.80","2,744.10","2,722.30","","-0.21%"
"03/07/2019","2,748.90","2,766.50","2,767.20","2,739.10","","-0.81%"
"03/06/2019","2,771.40","2,790.30","2,790.30","2,768.70","","-0.66%"
"03/05/2019","2,789.70","2,794.40","2,796.40","2,783.00","","-0.11%"
"03/04/2019","2,792.80","2,814.40","2,816.90","2,767.70","","-0.39%"
"03/01/2019","2,803.70","2,798.20","2,808.00","2,787.40","","0.69%"
"02/28/2019","2,784.50","2,788.10","2,793.70","2,782.50","","-0.28%"
"02/27/2019","2,792.40","2,787.50","2,795.80","2,775.10","","-0.05%"
"02/26/2019","2,793.90","2,792.40","2,803.10","2,789.50","","-0.08%"
"02/25/2019","2,796.10","2,804.30","2,813.50","2,795.00","","0.12%"
"02/22/2019","2,792.70","2,780.70","2,794.20","2,779.10","","0.64%"
"02/21/2019","2,774.90","2,780.20","2,781.60","2,764.60","","-0.35%"
"02/20/2019","2,784.70","2,779.10","2,789.90","2,774.10","","0.18%"
"02/19/2019","2,779.80","2,769.30","2,787.30","2,767.30","","0.15%"
"02/15/2019","2,775.60","2,760.20","2,775.70","2,760.20","","1.09%"
"02/14/2019","2,745.70","2,743.50","2,757.90","2,731.20","","-0.27%"
"02/13/2019","2,753.00","2,750.30","2,761.80","2,748.60","","0.30%"
"02/12/2019","2,744.70","2,722.60","2,748.20","2,722.60","","1.29%"
"02/11/2019","2,709.80","2,712.40","2,718.10","2,703.80","","0.07%"
"02/08/2019","2,707.90","2,692.40","2,708.10","2,681.80","","0.07%"
"02/07/2019","2,706.10","2,717.50","2,719.30","2,687.30","","-0.93%"
"02/06/2019","2,731.60","2,735.10","2,738.10","2,724.20","","-0.22%"
"02/05/2019","2,737.70","2,728.30","2,739.00","2,724.00","","0.47%"
"02/04/2019","2,724.90","2,706.50","2,725.00","2,698.80","","0.68%"
"02/01/2019","2,706.50","2,702.30","2,716.70","2,696.90","","0.09%"
"01/31/2019","2,704.10","2,685.50","2,708.90","2,678.70","","0.86%"
"01/30/2019","2,681.10","2,653.60","2,690.40","2,648.30","","1.56%"
"01/29/2019","2,640.00","2,644.90","2,650.90","2,631.10","","-0.14%"
"01/28/2019","2,643.80","2,645.00","2,645.00","2,624.10","","-0.79%"
"01/25/2019","2,664.80","2,657.40","2,672.40","2,657.30","","0.85%"
"01/24/2019","2,642.30","2,638.80","2,647.20","2,627.00","","0.14%"
"01/23/2019","2,638.70","2,643.50","2,653.20","2,612.90","","0.22%"
"01/22/2019","2,632.90","2,657.90","2,657.90","2,617.30","","-1.42%"
"01/18/2019","2,670.70","2,651.30","2,675.50","2,647.60","","1.32%"
"01/17/2019","2,636.00","2,609.30","2,645.10","2,606.40","","0.76%"
"01/16/2019","2,616.10","2,614.80","2,625.80","2,612.70","","0.22%"
"01/15/2019","2,610.30","2,585.10","2,613.10","2,585.10","","1.07%"
"01/14/2019","2,582.60","2,580.30","2,589.30","2,570.40","","-0.53%"
"01/11/2019","2,596.30","2,588.10","2,596.30","2,577.40","","-0.01%"
"01/10/2019","2,596.60","2,573.50","2,597.80","2,562.00","","0.45%"
"01/09/2019","2,585.00","2,580.00","2,595.30","2,568.90","","0.41%"
"01/08/2019","2,574.40","2,568.10","2,579.80","2,547.60","","0.97%"
"01/07/2019","2,549.70","2,535.60","2,566.20","2,524.60","","0.70%"
"01/04/2019","2,531.90","2,474.30","2,538.10","2,474.30","","3.43%"
"01/03/2019","2,447.90","2,491.90","2,493.10","2,444.00","","-2.47%"
"01/02/2019","2,510.00","2,477.00","2,519.50","2,467.50","","0.13%"
"12/31/2018","2,506.80","2,498.90","2,509.20","2,482.80","","0.85%"
"12/28/2018","2,485.70","2,498.80","2,520.30","2,472.90","","-0.12%"
"12/27/2018","2,488.80","2,442.50","2,489.10","2,397.90","","0.86%"
"12/26/2018","2,467.70","2,363.10","2,467.80","2,346.60","","4.96%"
"12/24/2018","2,351.10","2,400.60","2,410.30","2,351.10","","-2.71%"
"12/21/2018","2,416.60","2,465.40","2,504.40","2,408.60","","-2.06%"
"12/20/2018","2,467.40","2,496.80","2,509.60","2,441.20","","-1.58%"
"12/19/2018","2,507.00","2,547.10","2,585.30","2,489.00","","-1.54%"
"12/18/2018","2,546.20","2,559.90","2,574.00","2,528.70","","0.01%"
"12/17/2018","2,545.90","2,590.80","2,601.10","2,530.50","","-2.08%"
"12/14/2018","2,599.90","2,629.70","2,635.10","2,593.80","","-1.91%"
"12/13/2018","2,650.50","2,658.70","2,670.20","2,637.30","","-0.02%"
"12/12/2018","2,651.10","2,658.20","2,685.40","2,650.30","","0.54%"
"12/11/2018","2,636.80","2,664.40","2,674.30","2,621.30","","-0.03%"
"12/10/2018","2,637.70","2,630.90","2,647.50","2,583.20","","0.17%"
"12/07/2018","2,633.10","2,691.30","2,708.50","2,623.10","","-2.33%"
"12/06/2018","2,695.90","2,663.50","2,696.20","2,621.50","","-0.16%"
"12/04/2018","2,700.10","2,782.40","2,785.90","2,697.20","","-3.24%"
"12/03/2018","2,790.40","2,790.50","2,800.20","2,773.40","","1.09%"
"11/30/2018","2,760.20","2,737.80","2,760.90","2,732.80","","0.82%"
"11/29/2018","2,737.80","2,737.00","2,753.80","2,722.90","","-0.22%"
"11/28/2018","2,743.80","2,691.40","2,744.00","2,684.40","","2.30%"
"11/27/2018","2,682.20","2,663.80","2,682.50","2,655.90","","0.33%"
"11/26/2018","2,673.40","2,650.00","2,674.30","2,650.00","","1.55%"
"11/23/2018","2,632.60","2,633.40","2,647.60","2,631.10","","-0.65%"
"11/21/2018","2,649.90","2,657.70","2,670.70","2,649.80","","0.30%"
"11/20/2018","2,641.90","2,654.60","2,669.40","2,631.50","","-1.81%"
"11/19/2018","2,690.70","2,730.70","2,733.20","2,681.10","","-1.67%"
"11/16/2018","2,736.30","2,718.50","2,746.80","2,712.20","","0.22%"
"11/15/2018","2,730.20","2,693.50","2,735.40","2,670.80","","1.06%"
"11/14/2018","2,701.60","2,737.90","2,746.80","2,685.80","","-0.76%"
"11/13/2018","2,722.20","2,730.10","2,754.60","2,715.00","","-0.15%"
"11/12/2018","2,726.20","2,773.90","2,776.00","2,722.00","","-1.97%"
"11/09/2018","2,781.00","2,794.10","2,794.10","2,764.20","","-0.92%"
"11/08/2018","2,806.80","2,806.40","2,814.80","2,795.00","","-0.25%"
"11/07/2018","2,813.90","2,774.10","2,815.20","2,774.10","","2.12%"
"11/06/2018","2,755.40","2,738.40","2,756.80","2,737.10","","0.62%"
"11/05/2018","2,738.30","2,726.40","2,744.30","2,717.90","","0.56%"
"11/02/2018","2,723.10","2,745.40","2,756.60","2,700.40","","-0.63%"
"11/01/2018","2,740.40","2,717.60","2,741.70","2,708.80","","1.06%"
"10/31/2018","2,711.70","2,705.60","2,736.70","2,705.60","","1.08%"
"10/30/2018","2,682.60","2,640.70","2,685.40","2,635.30","","1.57%"
"10/29/2018","2,641.20","2,682.70","2,706.80","2,603.50","","-0.66%"
"10/26/2018","2,658.70","2,667.90","2,692.40","2,628.20","","-1.73%"
"10/25/2018","2,705.60","2,674.90","2,722.70","2,667.80","","1.86%"
"10/24/2018","2,656.10","2,737.90","2,742.60","2,651.90","","-3.09%"
"10/23/2018","2,740.70","2,721.00","2,753.60","2,691.40","","-0.55%"
"10/22/2018","2,755.90","2,773.90","2,778.90","2,749.20","","-0.43%"
"10/19/2018","2,767.80","2,775.70","2,797.80","2,760.30","","-0.04%"
"10/18/2018","2,768.80","2,802.00","2,806.00","2,755.20","","-1.44%"
"10/17/2018","2,809.20","2,811.70","2,816.90","2,781.80","","-0.02%"
"10/16/2018","2,809.90","2,767.10","2,813.50","2,766.90","","2.15%"
"10/15/2018","2,750.80","2,763.80","2,776.00","2,749.00","","-0.59%"
"10/12/2018","2,767.10","2,770.50","2,775.80","2,729.40","","1.42%"
"10/11/2018","2,728.40","2,776.90","2,795.10","2,710.50","","-2.06%"
"10/10/2018","2,785.70","2,873.90","2,874.00","2,784.90","","-3.28%"
"10/09/2018","2,880.30","2,882.50","2,894.80","2,874.30","","-0.14%"
"10/08/2018","2,884.40","2,877.50","2,889.40","2,862.10","","-0.04%"
"10/05/2018","2,885.60","2,902.50","2,909.60","2,869.30","","-0.55%"
"10/04/2018","2,901.60","2,919.30","2,919.80","2,883.90","","-0.82%"
"10/03/2018","2,925.50","2,931.70","2,939.90","2,921.40","","0.07%"
"10/02/2018","2,923.40","2,923.80","2,931.40","2,919.40","","-0.04%"
"10/01/2018","2,924.60","2,926.30","2,937.10","2,917.90","","0.36%"
"09/28/2018","2,914.00","2,910.00","2,920.50","2,907.50","","0.00%"
"09/27/2018","2,914.00","2,911.70","2,927.20","2,909.30","","0.28%"
"09/26/2018","2,906.00","2,917.00","2,931.20","2,903.30","","-0.33%"
"09/25/2018","2,915.60","2,921.80","2,923.90","2,913.70","","-0.13%"
"09/24/2018","2,919.40","2,921.80","2,923.80","2,912.60","","-0.35%"
"09/21/2018","2,929.70","2,936.80","2,940.90","2,927.10","","-0.04%"
"09/20/2018","2,930.80","2,919.70","2,934.80","2,919.70","","0.79%"
"09/19/2018","2,907.90","2,906.60","2,912.40","2,903.80","","0.12%"
"09/18/2018","2,904.30","2,890.70","2,911.20","2,890.40","","0.54%"
"09/17/2018","2,888.80","2,903.80","2,904.70","2,886.20","","-0.56%"
"09/14/2018","2,905.00","2,906.40","2,908.30","2,895.80","","0.03%"
"09/13/2018","2,904.20","2,896.80","2,906.80","2,896.40","","0.53%"
"09/12/2018","2,888.90","2,888.30","2,894.70","2,879.20","","0.03%"
"09/11/2018","2,887.90","2,871.60","2,892.50","2,866.80","","0.38%"
"09/10/2018","2,877.10","2,881.40","2,886.90","2,875.90","","0.19%"
"09/07/2018","2,871.70","2,868.30","2,883.80","2,864.10","","-0.22%"
"09/06/2018","2,878.10","2,888.60","2,892.10","2,867.30","","-0.36%"
"09/05/2018","2,888.60","2,891.60","2,894.20","2,876.90","","-0.28%"
"09/04/2018","2,896.70","2,897.00","2,900.20","2,885.10","","-0.17%"
"08/31/2018","2,901.50","2,898.40","2,906.30","2,891.70","","0.01%"
"08/30/2018","2,901.10","2,908.90","2,912.50","2,895.20","","-0.44%"
"08/29/2018","2,914.00","2,900.60","2,916.50","2,898.40","","0.57%"
"08/28/2018","2,897.50","2,901.40","2,903.80","2,893.50","","0.03%"
"08/27/2018","2,896.70","2,884.70","2,898.20","2,884.70","","0.77%"
"08/24/2018","2,874.70","2,862.30","2,876.20","2,862.30","","0.62%"
"08/23/2018","2,857.00","2,860.30","2,868.80","2,854.00","","-0.17%"
"08/22/2018","2,861.80","2,861.00","2,867.50","2,856.10","","-0.04%"
"08/21/2018","2,863.00","2,861.50","2,873.20","2,861.30","","0.21%"
"08/20/2018","2,857.10","2,853.90","2,859.80","2,850.60","","0.25%"
"08/17/2018","2,850.10","2,838.30","2,855.60","2,833.70","","0.33%"
"08/16/2018","2,840.70","2,831.40","2,850.50","2,831.40","","0.79%"
"08/15/2018","2,818.40","2,827.90","2,827.90","2,802.50","","-0.76%"
"08/14/2018","2,840.00","2,827.90","2,843.10","2,826.60","","0.64%"
"08/13/2018","2,821.90","2,835.50","2,843.40","2,819.90","","-0.40%"
"08/10/2018","2,833.30","2,839.60","2,842.20","2,825.80","","-0.71%"
"08/09/2018","2,853.60","2,857.20","2,862.50","2,852.00","","-0.14%"
"08/08/2018","2,857.70","2,856.80","2,862.40","2,853.10","","-0.02%"
"08/07/2018","2,858.40","2,855.90","2,863.40","2,855.90","","0.28%"
"08/06/2018","2,850.40","2,840.30","2,853.30","2,836.00","","0.36%"
"08/03/2018","2,840.30","2,829.60","2,840.40","2,827.40","","0.46%"
"08/02/2018","2,827.20","2,800.50","2,829.90","2,796.30","","0.49%"
"08/01/2018","2,813.40","2,821.20","2,825.80","2,805.80","","-0.10%"
"07/31/2018","2,816.30","2,809.70","2,824.50","2,808.10","","0.49%"
"07/30/2018","2,802.60","2,819.00","2,821.70","2,798.10","","-0.57%"
"07/27/2018","2,818.80","2,842.30","2,843.20","2,808.30","","-0.66%"
"07/26/2018","2,837.40","2,835.50","2,845.60","2,835.30","","-0.31%"
"07/25/2018","2,846.10","2,817.70","2,848.00","2,817.70","","0.91%"
"07/24/2018","2,820.40","2,820.70","2,830.00","2,811.10","","0.48%"
"07/23/2018","2,807.00","2,799.20","2,808.60","2,795.10","","0.19%"
"07/20/2018","2,801.80","2,804.60","2,809.70","2,800.00","","-0.10%"
"07/19/2018","2,804.50","2,809.40","2,812.10","2,799.80","","-0.39%"
"07/18/2018","2,815.60","2,811.30","2,816.80","2,805.90","","0.21%"
"07/17/2018","2,809.60","2,789.30","2,814.20","2,789.20","","0.40%"
"07/16/2018","2,798.40","2,801.40","2,803.70","2,793.40","","-0.10%"
"07/13/2018","2,801.30","2,796.90","2,804.50","2,791.70","","0.11%"
"07/12/2018","2,798.30","2,783.10","2,799.20","2,781.50","","0.88%"
"07/11/2018","2,774.00","2,779.80","2,785.90","2,770.80","","-0.71%"
"07/10/2018","2,793.80","2,788.60","2,795.60","2,786.20","","0.34%"
"07/09/2018","2,784.20","2,768.50","2,784.70","2,768.50","","0.88%"
"07/06/2018","2,759.80","2,737.70","2,764.40","2,733.50","","0.85%"
"07/05/2018","2,736.60","2,724.20","2,737.80","2,716.00","","0.86%"
"07/03/2018","2,713.20","2,733.30","2,736.60","2,711.20","","-0.50%"
"07/02/2018","2,726.70","2,704.90","2,727.30","2,698.90","","0.31%"
"06/29/2018","2,718.40","2,727.10","2,743.30","2,718.00","","0.08%"
"06/28/2018","2,716.30","2,698.70","2,724.30","2,692.00","","0.62%"
"06/27/2018","2,699.60","2,728.40","2,746.10","2,699.40","","-0.86%"
"06/26/2018","2,723.10","2,722.10","2,732.90","2,715.60","","0.22%"
"06/25/2018","2,717.10","2,742.90","2,742.90","2,698.70","","-1.37%"
"06/22/2018","2,754.90","2,760.80","2,764.20","2,752.70","","0.19%"
"06/21/2018","2,749.80","2,769.30","2,769.30","2,744.40","","-0.63%"
"06/20/2018","2,767.30","2,769.70","2,774.90","2,763.90","","0.17%"
"06/19/2018","2,762.60","2,752.00","2,765.10","2,743.20","","-0.40%"
"06/18/2018","2,773.80","2,765.80","2,775.00","2,757.10","","-0.21%"
"06/15/2018","2,779.70","2,777.80","2,782.80","2,761.70","","-0.10%"
"06/14/2018","2,782.50","2,783.20","2,789.10","2,776.50","","0.25%"
"06/13/2018","2,775.60","2,787.90","2,791.50","2,774.70","","-0.40%"
"06/12/2018","2,786.80","2,785.60","2,789.80","2,778.80","","0.17%"
"06/11/2018","2,782.00","2,780.20","2,790.20","2,780.20","","0.11%"
"06/08/2018","2,779.00","2,765.80","2,779.40","2,763.60","","0.31%"
"06/07/2018","2,770.40","2,774.80","2,779.90","2,760.20","","-0.07%"
"06/06/2018","2,772.30","2,753.20","2,772.40","2,748.50","","0.85%"
"06/05/2018","2,748.80","2,748.50","2,752.60","2,739.50","","0.07%"
"06/04/2018","2,746.90","2,741.70","2,749.20","2,740.50","","0.45%"
"06/01/2018","2,734.60","2,718.70","2,736.90","2,718.70","","1.08%"
"05/31/2018","2,705.30","2,721.00","2,722.50","2,700.70","","-0.69%"
"05/30/2018","2,724.00","2,702.40","2,729.30","2,702.40","","1.27%"
"05/29/2018","2,689.90","2,705.10","2,710.70","2,676.80","","-1.15%"
"05/25/2018","2,721.30","2,723.60","2,727.40","2,715.00","","-0.24%"
"05/24/2018","2,727.80","2,730.90","2,732.00","2,707.40","","-0.20%"
"05/23/2018","2,733.30","2,714.00","2,733.30","2,709.50","","0.33%"
"05/22/2018","2,724.40","2,738.30","2,742.20","2,721.90","","-0.31%"
"05/21/2018","2,733.00","2,725.90","2,739.20","2,725.70","","0.74%"
"05/18/2018","2,713.00","2,717.30","2,719.50","2,709.20","","-0.26%"
"05/17/2018","2,720.10","2,719.70","2,732.00","2,711.40","","-0.09%"
"05/16/2018","2,722.50","2,712.60","2,727.80","2,712.20","","0.41%"
"05/15/2018","2,711.40","2,718.60","2,718.60","2,701.90","","-0.68%"
"05/14/2018","2,730.10","2,733.40","2,742.10","2,725.50","","0.09%"
"05/11/2018","2,727.70","2,722.70","2,732.90","2,717.40","","0.17%"
"05/10/2018","2,723.10","2,705.00","2,726.10","2,704.50","","0.94%"
"05/09/2018","2,697.80","2,678.10","2,701.30","2,674.10","","0.97%"
"05/08/2018","2,671.90","2,670.30","2,676.30","2,655.20","","-0.03%"
"05/07/2018","2,672.60","2,669.40","2,683.30","2,664.70","","0.35%"
"05/04/2018","2,663.40","2,621.40","2,670.90","2,615.30","","1.28%"
"05/03/2018","2,629.70","2,628.10","2,637.10","2,594.60","","-0.23%"
"05/02/2018","2,635.70","2,654.20","2,660.90","2,631.70","","-0.72%"
"05/01/2018","2,654.80","2,643.60","2,655.30","2,625.40","","0.25%"
"04/30/2018","2,648.10","2,675.10","2,682.90","2,648.00","","-0.82%"
"04/27/2018","2,669.90","2,675.50","2,677.30","2,659.00","","0.11%"
"04/26/2018","2,666.90","2,651.70","2,676.50","2,647.20","","1.04%"
"04/25/2018","2,639.40","2,634.90","2,645.30","2,612.70","","0.18%"
"04/24/2018","2,634.60","2,680.80","2,683.60","2,617.30","","-1.34%"
"04/23/2018","2,670.30","2,675.40","2,682.90","2,658.00","","0.01%"
"04/20/2018","2,670.10","2,692.60","2,693.90","2,660.60","","-0.85%"
"04/19/2018","2,693.10","2,701.20","2,702.80","2,681.90","","-0.57%"
"04/18/2018","2,708.60","2,710.10","2,717.50","2,703.60","","0.08%"
"04/17/2018","2,706.40","2,692.70","2,713.30","2,692.10","","1.07%"
"04/16/2018","2,677.80","2,670.10","2,686.50","2,665.20","","0.81%"
"04/13/2018","2,656.30","2,676.90","2,680.30","2,645.10","","-0.29%"
"04/12/2018","2,664.00","2,653.80","2,674.70","2,653.80","","0.83%"
"04/11/2018","2,642.20","2,643.90","2,661.40","2,639.20","","-0.55%"
"04/10/2018","2,656.90","2,638.40","2,665.40","2,635.80","","1.67%"
"04/09/2018","2,613.20","2,617.20","2,653.60","2,610.80","","0.33%"
"04/06/2018","2,604.50","2,645.80","2,656.90","2,586.30","","-2.19%"
"04/05/2018","2,662.80","2,657.40","2,672.10","2,649.60","","0.68%"
"04/04/2018","2,644.70","2,584.00","2,649.90","2,573.60","","1.16%"
"04/03/2018","2,614.40","2,592.20","2,619.10","2,575.50","","1.26%"
"04/02/2018","2,581.90","2,633.40","2,638.30","2,553.80","","-2.23%"
"03/29/2018","2,640.90","2,614.40","2,659.10","2,609.70","","1.38%"
"03/28/2018","2,605.00","2,611.30","2,632.70","2,593.10","","-0.29%"
"03/27/2018","2,612.60","2,667.60","2,674.80","2,596.10","","-1.73%"
"03/26/2018","2,658.60","2,619.30","2,661.40","2,601.80","","2.72%"
"03/23/2018","2,588.30","2,646.70","2,657.70","2,585.90","","-2.10%"
"03/22/2018","2,643.70","2,691.40","2,695.70","2,641.60","","-2.51%"
"03/21/2018","2,711.90","2,715.00","2,739.10","2,709.80","","-0.18%"
"03/20/2018","2,716.90","2,715.10","2,724.20","2,710.10","","0.15%"
"03/19/2018","2,712.90","2,741.40","2,741.40","2,694.60","","-1.42%"
"03/16/2018","2,752.00","2,750.60","2,761.80","2,750.00","","0.17%"
"03/15/2018","2,747.30","2,754.30","2,763.00","2,741.50","","-0.08%"
"03/14/2018","2,749.50","2,774.10","2,777.10","2,744.40","","-0.57%"
"03/13/2018","2,765.30","2,792.30","2,801.90","2,758.70","","-0.64%"
"03/12/2018","2,783.00","2,790.50","2,797.00","2,779.30","","-0.13%"
"03/09/2018","2,786.60","2,752.90","2,786.60","2,751.50","","1.74%"
"03/08/2018","2,739.00","2,732.80","2,740.40","2,722.70","","0.45%"
"03/07/2018","2,726.80","2,710.20","2,730.60","2,701.70","","-0.05%"
"03/06/2018","2,728.10","2,730.20","2,732.10","2,711.30","","0.26%"
"03/05/2018","2,720.90","2,681.10","2,728.10","2,675.80","","1.10%"
"03/02/2018","2,691.20","2,658.90","2,696.20","2,647.30","","0.50%"
"03/01/2018","2,677.70","2,715.20","2,730.90","2,659.70","","-1.33%"
"02/28/2018","2,713.80","2,753.80","2,761.50","2,713.50","","-1.11%"
"02/27/2018","2,744.30","2,780.40","2,789.20","2,744.20","","-1.27%"
"02/26/2018","2,779.60","2,757.40","2,780.60","2,753.80","","1.18%"
"02/23/2018","2,747.30","2,715.80","2,747.80","2,713.70","","1.60%"
"02/22/2018","2,704.00","2,710.40","2,731.30","2,697.80","","0.10%"
"02/21/2018","2,701.30","2,720.50","2,747.80","2,701.30","","-0.55%"
"02/20/2018","2,716.30","2,723.00","2,737.60","2,706.80","","-0.58%"
"02/16/2018","2,732.20","2,727.10","2,754.40","2,725.10","","0.04%"
"02/15/2018","2,731.20","2,713.50","2,731.50","2,689.80","","1.21%"
"02/14/2018","2,698.60","2,651.20","2,702.10","2,648.90","","1.34%"
"02/13/2018","2,662.90","2,646.30","2,668.80","2,637.10","","0.26%"
"02/12/2018","2,656.00","2,636.80","2,672.60","2,622.40","","1.39%"
"02/09/2018","2,619.60","2,601.80","2,638.70","2,532.70","","1.50%"
"02/08/2018","2,581.00","2,685.00","2,685.30","2,580.60","","-3.76%"
"02/07/2018","2,681.70","2,690.90","2,727.70","2,681.30","","-0.50%"
"02/06/2018","2,695.10","2,614.80","2,701.00","2,593.10","","1.74%"
"02/05/2018","2,648.90","2,741.10","2,763.40","2,638.20","","-4.10%"
"02/02/2018","2,762.10","2,808.90","2,808.90","2,760.00","","-2.12%"
"02/01/2018","2,822.00","2,816.40","2,836.00","2,812.70","","-0.06%"
"01/31/2018","2,823.80","2,832.40","2,839.30","2,813.00","","0.05%"
"01/30/2018","2,822.40","2,832.70","2,837.80","2,818.30","","-1.09%"
"01/29/2018","2,853.50","2,867.20","2,870.60","2,851.50","","-0.68%"
"01/26/2018","2,872.90","2,847.50","2,872.90","2,846.20","","1.19%"
"01/25/2018","2,839.20","2,846.20","2,848.60","2,830.90","","0.06%"
"01/24/2018","2,837.50","2,845.40","2,853.00","2,824.80","","-0.06%"
"01/23/2018","2,839.10","2,835.10","2,842.20","2,830.60","","0.22%"
"01/22/2018","2,833.00","2,809.20","2,833.00","2,808.10","","0.81%"
"01/19/2018","2,810.30","2,802.60","2,810.30","2,798.10","","0.44%"
"01/18/2018","2,798.00","2,802.40","2,805.80","2,792.60","","-0.16%"
"01/17/2018","2,802.60","2,785.00","2,807.00","2,778.40","","0.94%"
"01/16/2018","2,776.40","2,799.00","2,807.50","2,768.60","","-0.35%"
"01/12/2018","2,786.20","2,770.20","2,787.80","2,769.60","","0.67%"
"01/11/2018","2,767.60","2,753.00","2,767.60","2,752.80","","0.71%"
"01/10/2018","2,748.20","2,745.60","2,750.80","2,736.10","","-0.11%"
"01/09/2018","2,751.30","2,751.20","2,759.10","2,747.90","","0.13%"
"01/08/2018","2,747.70","2,742.70","2,748.50","2,737.60","","0.16%"
"01/05/2018","2,743.20","2,731.30","2,743.40","2,727.90","","0.70%"
"01/04/2018","2,724.00","2,719.30","2,729.30","2,719.10","","0.40%"
"01/03/2018","2,713.10","2,697.80","2,714.40","2,697.80","","0.64%"
"01/02/2018","2,695.80","2,683.70","2,695.90","2,682.40","","0.83%"
"12/29/2017","2,673.60","2,689.20","2,692.10","2,673.60","","-0.52%"
"12/28/2017","2,687.50","2,686.10","2,687.70","2,682.70","","0.18%"
"12/27/2017","2,682.60","2,682.10","2,685.60","2,678.90","","0.08%"
"12/26/2017","2,680.50","2,679.10","2,682.70","2,678.00","","-0.10%"
"12/22/2017","2,683.30","2,684.20","2,685.30","2,678.10","","-0.05%"
"12/21/2017","2,684.60","2,683.00","2,692.60","2,682.40","","0.20%"
"12/20/2017","2,679.20","2,688.20","2,691.00","2,676.10","","-0.09%"
"12/19/2017","2,681.50","2,692.70","2,694.40","2,680.70","","-0.32%"
"12/18/2017","2,690.20","2,685.90","2,695.00","2,685.90","","0.54%"
"12/15/2017","2,675.80","2,660.60","2,679.60","2,659.10","","0.90%"
"12/14/2017","2,652.00","2,665.90","2,668.10","2,652.00","","-0.41%"
"12/13/2017","2,662.80","2,667.60","2,671.90","2,662.80","","-0.05%"
"12/12/2017","2,664.10","2,661.70","2,669.70","2,659.80","","0.15%"
"12/11/2017","2,660.00","2,652.20","2,660.30","2,651.50","","0.32%"
"12/08/2017","2,651.50","2,646.20","2,651.70","2,644.10","","0.55%"
"12/07/2017","2,637.00","2,628.40","2,641.00","2,626.50","","0.29%"
"12/06/2017","2,629.30","2,626.20","2,634.40","2,624.80","","-0.01%"
"12/05/2017","2,629.60","2,639.80","2,648.70","2,627.70","","-0.37%"
"12/04/2017","2,639.40","2,657.20","2,665.20","2,639.00","","-0.11%"
"12/01/2017","2,642.20","2,645.10","2,650.60","2,605.50","","-0.20%"
"11/30/2017","2,647.60","2,633.90","2,657.70","2,633.90","","0.82%"
"11/29/2017","2,626.10","2,627.80","2,634.90","2,620.30","","-0.03%"
"11/28/2017","2,627.00","2,605.90","2,627.70","2,605.40","","0.98%"
"11/27/2017","2,601.40","2,602.70","2,606.40","2,598.90","","-0.04%"
"11/24/2017","2,602.40","2,600.40","2,604.20","2,600.40","","0.20%"
"11/22/2017","2,597.10","2,600.30","2,600.90","2,595.20","","-0.07%"
"11/21/2017","2,599.00","2,589.20","2,601.20","2,589.20","","0.65%"
"11/20/2017","2,582.10","2,579.50","2,584.60","2,578.20","","0.13%"
"11/17/2017","2,578.80","2,582.90","2,584.00","2,577.60","","-0.26%"
"11/16/2017","2,585.60","2,572.90","2,590.10","2,572.90","","0.82%"
"11/15/2017","2,564.60","2,569.40","2,572.80","2,557.40","","-0.55%"
"11/14/2017","2,578.90","2,577.80","2,579.70","2,566.60","","-0.23%"
"11/13/2017","2,584.80","2,576.50","2,587.70","2,574.50","","0.10%"
"11/10/2017","2,582.30","2,580.20","2,583.80","2,575.60","","-0.09%"
"11/09/2017","2,584.60","2,584.00","2,586.50","2,566.30","","-0.38%"
"11/08/2017","2,594.40","2,588.70","2,595.50","2,585.00","","0.15%"
"11/07/2017","2,590.60","2,592.10","2,597.00","2,584.30","","-0.02%"
"11/06/2017","2,591.10","2,587.50","2,593.40","2,585.70","","0.13%"
"11/03/2017","2,587.80","2,581.90","2,588.40","2,576.80","","0.31%"
"11/02/2017","2,579.80","2,579.50","2,581.10","2,566.20","","0.02%"
"11/01/2017","2,579.40","2,583.20","2,588.40","2,574.90","","0.16%"
"10/31/2017","2,575.30","2,576.00","2,578.30","2,572.20","","0.10%"
"10/30/2017","2,572.80","2,577.80","2,580.00","2,568.20","","-0.32%"
"10/27/2017","2,581.10","2,570.30","2,583.00","2,565.90","","0.81%"
"10/26/2017","2,560.40","2,560.10","2,567.10","2,559.80","","0.13%"
"10/25/2017","2,557.20","2,566.50","2,567.40","2,544.00","","-0.46%"
"10/24/2017","2,569.10","2,568.70","2,572.20","2,565.60","","0.16%"
"10/23/2017","2,565.00","2,578.10","2,578.30","2,564.30","","-0.40%"
"10/20/2017","2,575.20","2,567.60","2,575.40","2,567.60","","0.51%"
"10/19/2017","2,562.10","2,553.40","2,562.40","2,547.90","","0.03%"
"10/18/2017","2,561.30","2,562.90","2,564.10","2,559.70","","0.07%"
"10/17/2017","2,559.40","2,557.20","2,559.70","2,554.70","","0.07%"
"10/16/2017","2,557.60","2,555.60","2,559.50","2,552.60","","0.17%"
"10/13/2017","2,553.20","2,555.70","2,557.70","2,552.10","","0.09%"
"10/12/2017","2,550.90","2,552.90","2,555.30","2,548.30","","-0.17%"
"10/11/2017","2,555.20","2,550.60","2,555.20","2,547.90","","0.18%"
"10/10/2017","2,550.60","2,550.00","2,555.20","2,544.90","","0.23%"
"10/09/2017","2,544.70","2,551.40","2,551.80","2,541.60","","-0.18%"
"10/06/2017","2,549.30","2,547.40","2,549.40","2,543.80","","-0.11%"
"10/05/2017","2,552.10","2,540.90","2,552.50","2,540.00","","0.57%"
"10/04/2017","2,537.70","2,533.50","2,540.50","2,531.80","","0.12%"
"10/03/2017","2,534.60","2,530.30","2,535.10","2,528.80","","0.22%"
"10/02/2017","2,529.10","2,521.20","2,529.20","2,520.40","","0.39%"
"09/29/2017","2,519.40","2,510.00","2,519.40","2,508.00","","0.37%"
"09/28/2017","2,510.10","2,503.40","2,510.80","2,502.90","","0.12%"
"09/27/2017","2,507.00","2,503.30","2,511.80","2,495.90","","0.41%"
"09/26/2017","2,496.80","2,501.00","2,503.50","2,495.10","","0.00%"
"09/25/2017","2,496.70","2,499.40","2,502.50","2,488.00","","-0.22%"
"09/22/2017","2,502.20","2,497.30","2,503.50","2,496.50","","0.06%"
"09/21/2017","2,500.60","2,507.20","2,507.20","2,499.00","","-0.30%"
"09/20/2017","2,508.20","2,506.80","2,508.80","2,496.70","","0.06%"
"09/19/2017","2,506.70","2,506.30","2,507.80","2,503.20","","0.11%"
"09/18/2017","2,503.90","2,502.50","2,508.30","2,499.90","","0.15%"
"09/15/2017","2,500.20","2,495.70","2,500.20","2,493.20","","0.18%"
"09/14/2017","2,495.60","2,494.60","2,498.40","2,491.30","","-0.11%"
"09/13/2017","2,498.40","2,493.90","2,498.40","2,492.10","","0.08%"
"09/12/2017","2,496.50","2,491.90","2,496.80","2,490.40","","0.34%"
"09/11/2017","2,488.10","2,474.50","2,488.90","2,474.50","","1.08%"
"09/08/2017","2,461.40","2,462.20","2,467.10","2,459.40","","-0.15%"
"09/07/2017","2,465.10","2,468.10","2,468.60","2,460.30","","-0.02%"
"09/06/2017","2,465.50","2,463.80","2,469.60","2,459.20","","0.31%"
"09/05/2017","2,457.80","2,470.30","2,472.00","2,446.60","","-0.76%"
"09/01/2017","2,476.60","2,474.40","2,480.40","2,473.80","","0.20%"
"08/31/2017","2,471.70","2,462.70","2,475.00","2,462.70","","0.57%"
"08/30/2017","2,457.60","2,446.10","2,460.30","2,443.80","","0.46%"
"08/29/2017","2,446.30","2,431.90","2,449.20","2,428.20","","0.09%"
"08/28/2017","2,444.20","2,447.30","2,449.10","2,439.00","","0.05%"
"08/25/2017","2,443.10","2,444.70","2,454.00","2,442.20","","0.17%"
"08/24/2017","2,439.00","2,447.90","2,450.40","2,436.20","","-0.20%"
"08/23/2017","2,444.00","2,444.90","2,448.90","2,441.40","","-0.35%"
"08/22/2017","2,452.50","2,433.80","2,454.80","2,433.70","","0.99%"
"08/21/2017","2,428.40","2,425.50","2,430.60","2,417.30","","0.12%"
"08/18/2017","2,425.60","2,427.60","2,440.30","2,420.70","","-0.18%"
"08/17/2017","2,430.00","2,462.90","2,465.00","2,430.00","","-1.54%"
"08/16/2017","2,468.10","2,468.60","2,474.90","2,463.90","","0.14%"
"08/15/2017","2,464.60","2,468.70","2,468.90","2,461.60","","-0.05%"
"08/14/2017","2,465.80","2,455.00","2,468.20","2,455.00","","1.00%"
"08/11/2017","2,441.30","2,441.00","2,448.10","2,437.80","","0.13%"
"08/10/2017","2,438.20","2,465.40","2,465.40","2,437.80","","-1.45%"
"08/09/2017","2,474.00","2,465.30","2,474.40","2,462.10","","-0.04%"
"08/08/2017","2,474.90","2,478.30","2,490.90","2,470.30","","-0.24%"
"08/07/2017","2,480.90","2,477.10","2,480.90","2,475.90","","0.17%"
"08/04/2017","2,476.80","2,476.90","2,480.00","2,472.10","","0.19%"
"08/03/2017","2,472.20","2,476.00","2,476.00","2,468.80","","-0.22%"
"08/02/2017","2,477.60","2,480.40","2,480.40","2,466.50","","0.05%"
"08/01/2017","2,476.30","2,477.10","2,478.50","2,471.10","","0.24%"
"07/31/2017","2,470.30","2,475.90","2,478.00","2,468.50","","-0.07%"
"07/28/2017","2,472.10","2,469.10","2,473.50","2,464.70","","-0.13%"
"07/27/2017","2,475.40","2,482.80","2,484.00","2,459.90","","-0.10%"
"07/26/2017","2,477.80","2,480.00","2,481.70","2,474.90","","0.03%"
"07/25/2017","2,477.10","2,477.90","2,481.20","2,474.90","","0.29%"
"07/24/2017","2,469.90","2,472.00","2,473.10","2,466.30","","-0.11%"
"07/21/2017","2,472.50","2,467.40","2,472.50","2,465.10","","-0.04%"
"07/20/2017","2,473.40","2,475.60","2,477.60","2,468.40","","-0.02%"
"07/19/2017","2,473.80","2,463.80","2,473.80","2,463.80","","0.54%"
"07/18/2017","2,460.60","2,455.90","2,460.90","2,450.30","","0.06%"
"07/17/2017","2,459.10","2,459.50","2,462.80","2,457.20","","-0.01%"
"07/14/2017","2,459.30","2,449.20","2,463.50","2,446.70","","0.47%"
"07/13/2017","2,447.80","2,445.00","2,449.30","2,441.70","","0.19%"
"07/12/2017","2,443.20","2,435.80","2,445.80","2,435.80","","0.73%"
"07/11/2017","2,425.50","2,427.30","2,429.30","2,412.80","","-0.08%"
"07/10/2017","2,427.40","2,424.50","2,432.00","2,422.30","","0.09%"
"07/07/2017","2,425.20","2,413.50","2,426.90","2,413.50","","0.64%"
"07/06/2017","2,409.80","2,423.40","2,424.30","2,407.70","","-0.93%"
"07/05/2017","2,432.50","2,430.80","2,434.90","2,422.10","","0.14%"
"07/03/2017","2,429.00","2,431.40","2,439.20","2,428.70","","0.23%"
"06/30/2017","2,423.40","2,429.20","2,432.70","2,421.70","","0.15%"
"06/29/2017","2,419.70","2,442.40","2,442.70","2,405.70","","-0.86%"
"06/28/2017","2,440.70","2,428.70","2,443.00","2,428.00","","0.88%"
"06/27/2017","2,419.40","2,436.30","2,440.20","2,419.40","","-0.81%"
"06/26/2017","2,439.10","2,443.30","2,450.40","2,437.00","","0.03%"
"06/23/2017","2,438.30","2,434.70","2,441.40","2,431.10","","0.16%"
"06/22/2017","2,434.50","2,437.40","2,441.60","2,433.30","","-0.05%"
"06/21/2017","2,435.60","2,439.30","2,442.20","2,430.70","","-0.06%"
"06/20/2017","2,437.00","2,450.70","2,450.70","2,436.60","","-0.67%"
"06/19/2017","2,453.50","2,442.60","2,453.80","2,441.80","","0.83%"
"06/16/2017","2,433.20","2,431.20","2,433.20","2,422.90","","0.03%"
"06/15/2017","2,432.50","2,424.10","2,433.90","2,418.50","","-0.22%"
"06/14/2017","2,437.90","2,443.80","2,443.80","2,428.30","","-0.10%"
"06/13/2017","2,440.30","2,434.20","2,441.50","2,431.30","","0.45%"
"06/12/2017","2,429.40","2,425.90","2,430.40","2,420.00","","-0.10%"
"06/09/2017","2,431.80","2,436.40","2,446.20","2,415.70","","-0.08%"
"06/08/2017","2,433.80","2,434.30","2,439.30","2,427.90","","0.03%"
"06/07/2017","2,433.10","2,432.00","2,435.30","2,424.80","","0.16%"
"06/06/2017","2,429.30","2,431.90","2,436.20","2,428.10","","-0.28%"
"06/05/2017","2,436.10","2,437.80","2,439.60","2,434.30","","-0.12%"
"06/02/2017","2,439.10","2,431.30","2,440.20","2,427.70","","0.37%"
"06/01/2017","2,430.10","2,415.70","2,430.10","2,413.50","","0.76%"
"05/31/2017","2,411.80","2,415.60","2,416.00","2,403.60","","-0.05%"
"05/30/2017","2,412.90","2,411.70","2,415.30","2,409.40","","-0.12%"
"05/26/2017","2,415.80","2,414.50","2,416.70","2,412.20","","0.03%"
"05/25/2017","2,415.10","2,409.50","2,418.70","2,408.00","","0.45%"
"05/24/2017","2,404.40","2,401.40","2,405.60","2,398.00","","0.25%"
"05/23/2017","2,398.40","2,397.00","2,400.80","2,393.90","","0.18%"
"05/22/2017","2,394.00","2,387.20","2,395.50","2,386.90","","0.52%"
"05/19/2017","2,381.70","2,371.40","2,389.10","2,370.40","","0.68%"
"05/18/2017","2,365.70","2,354.70","2,375.70","2,352.70","","0.37%"
"05/17/2017","2,357.00","2,382.90","2,384.90","2,356.20","","-1.82%"
"05/16/2017","2,400.70","2,404.60","2,405.80","2,396.10","","-0.07%"
"05/15/2017","2,402.30","2,394.00","2,404.10","2,393.90","","0.48%"
"05/12/2017","2,390.90","2,392.40","2,392.40","2,387.20","","-0.15%"
"05/11/2017","2,394.40","2,394.80","2,395.70","2,381.70","","-0.22%"
"05/10/2017","2,399.60","2,396.80","2,399.70","2,392.80","","0.11%"
"05/09/2017","2,396.90","2,401.60","2,403.90","2,392.40","","-0.10%"
"05/08/2017","2,399.40","2,399.90","2,401.40","2,393.90","","0.00%"
"05/05/2017","2,399.30","2,392.40","2,399.30","2,389.40","","0.41%"
"05/04/2017","2,389.50","2,389.80","2,391.40","2,380.30","","0.06%"
"05/03/2017","2,388.10","2,386.50","2,389.80","2,379.80","","-0.13%"
"05/02/2017","2,391.20","2,391.10","2,392.90","2,385.80","","0.12%"
"05/01/2017","2,388.30","2,388.50","2,394.50","2,384.80","","0.17%"
"04/28/2017","2,384.20","2,393.70","2,393.70","2,382.40","","-0.19%"
"04/27/2017","2,388.80","2,389.70","2,392.10","2,382.70","","0.06%"
"04/26/2017","2,387.40","2,389.00","2,398.20","2,386.80","","-0.05%"
"04/25/2017","2,388.60","2,381.50","2,392.50","2,381.20","","0.61%"
"04/24/2017","2,374.20","2,370.30","2,377.00","2,369.20","","1.09%"
"04/21/2017","2,348.70","2,354.70","2,356.20","2,344.50","","-0.30%"
"04/20/2017","2,355.80","2,342.70","2,361.40","2,340.90","","0.75%"
"04/19/2017","2,338.20","2,346.80","2,352.60","2,335.10","","-0.17%"
"04/18/2017","2,342.20","2,342.50","2,348.30","2,334.50","","-0.29%"
"04/17/2017","2,349.00","2,332.60","2,349.10","2,332.50","","0.86%"
"04/13/2017","2,328.90","2,342.00","2,348.30","2,328.90","","-0.68%"
"04/12/2017","2,344.90","2,352.20","2,352.70","2,341.20","","-0.38%"
"04/11/2017","2,353.80","2,353.90","2,355.20","2,337.20","","-0.14%"
"04/10/2017","2,357.20","2,357.20","2,366.40","2,351.50","","0.07%"
"04/07/2017","2,355.50","2,356.60","2,363.80","2,350.70","","-0.08%"
"04/06/2017","2,357.50","2,353.80","2,364.20","2,348.90","","0.20%"
"04/05/2017","2,352.90","2,366.60","2,378.40","2,350.50","","-0.31%"
"04/04/2017","2,360.20","2,354.80","2,360.50","2,350.70","","0.06%"
"04/03/2017","2,358.80","2,362.30","2,365.90","2,344.70","","-0.17%"
"03/31/2017","2,362.70","2,364.80","2,370.30","2,362.60","","-0.23%"
"03/30/2017","2,368.10","2,361.30","2,370.40","2,358.60","","0.30%"
"03/29/2017","2,361.10","2,356.50","2,363.40","2,352.90","","0.11%"
"03/28/2017","2,358.60","2,339.80","2,363.80","2,337.60","","0.73%"
"03/27/2017","2,341.60","2,329.10","2,344.90","2,322.20","","-0.10%"
"03/24/2017","2,344.00","2,350.40","2,356.20","2,335.70","","-0.09%"
"03/23/2017","2,346.00","2,346.00","2,358.90","2,342.10","","-0.10%"
"03/22/2017","2,348.40","2,343.00","2,351.80","2,336.40","","0.19%"
"03/21/2017","2,344.00","2,379.30","2,381.90","2,341.90","","-1.24%"
"03/20/2017","2,373.50","2,378.20","2,379.60","2,369.70","","-0.20%"
"03/17/2017","2,378.20","2,383.70","2,385.70","2,377.60","","-0.13%"
"03/16/2017","2,381.40","2,387.70","2,388.10","2,377.20","","-0.16%"
"03/15/2017","2,385.30","2,370.30","2,390.00","2,368.90","","0.84%"
"03/14/2017","2,365.40","2,368.60","2,368.60","2,358.20","","-0.34%"
"03/13/2017","2,373.50","2,371.60","2,374.40","2,368.50","","0.04%"
"03/10/2017","2,372.60","2,372.50","2,376.90","2,363.00","","0.33%"
"03/09/2017","2,364.90","2,363.50","2,369.10","2,354.50","","0.08%"
"03/08/2017","2,363.00","2,369.80","2,373.10","2,361.00","","-0.23%"
"03/07/2017","2,368.40","2,370.70","2,375.10","2,365.50","","-0.29%"
"03/06/2017","2,375.30","2,375.20","2,378.80","2,368.00","","-0.33%"
"03/03/2017","2,383.10","2,380.90","2,383.90","2,375.40","","0.05%"
"03/02/2017","2,381.90","2,394.80","2,394.80","2,380.20","","-0.59%"
"03/01/2017","2,396.00","2,380.10","2,401.00","2,380.10","","1.37%"
"02/28/2017","2,363.60","2,366.10","2,367.80","2,359.00","","-0.26%"
"02/27/2017","2,369.80","2,365.20","2,371.50","2,361.90","","0.11%"
"02/24/2017","2,367.30","2,355.70","2,367.30","2,352.90","","0.15%"
"02/23/2017","2,363.80","2,367.50","2,368.30","2,355.10","","0.04%"
"02/22/2017","2,362.80","2,361.10","2,365.10","2,358.30","","-0.11%"
"02/21/2017","2,365.40","2,354.90","2,366.70","2,354.90","","0.60%"
"02/17/2017","2,351.20","2,343.00","2,351.20","2,339.60","","0.17%"
"02/16/2017","2,347.20","2,349.60","2,351.30","2,338.90","","-0.09%"
"02/15/2017","2,349.20","2,335.60","2,351.30","2,334.80","","0.50%"
"02/14/2017","2,337.60","2,326.10","2,337.60","2,322.20","","0.40%"
"02/13/2017","2,328.20","2,321.70","2,331.60","2,321.40","","0.52%"
"02/10/2017","2,316.10","2,312.30","2,319.20","2,311.10","","0.36%"
"02/09/2017","2,307.90","2,296.70","2,311.10","2,296.60","","0.58%"
"02/08/2017","2,294.70","2,289.60","2,295.90","2,285.40","","0.07%"
"02/07/2017","2,293.10","2,295.90","2,299.40","2,290.20","","0.02%"
"02/06/2017","2,292.60","2,294.30","2,296.20","2,288.60","","-0.21%"
"02/03/2017","2,297.40","2,288.50","2,298.30","2,287.90","","0.73%"
"02/02/2017","2,280.80","2,276.70","2,284.00","2,271.70","","0.05%"
"02/01/2017","2,279.60","2,285.60","2,289.10","2,272.40","","0.03%"
"01/31/2017","2,278.90","2,274.00","2,279.10","2,267.20","","-0.09%"
"01/30/2017","2,280.90","2,286.00","2,286.00","2,268.00","","-0.60%"
"01/27/2017","2,294.70","2,299.00","2,299.00","2,291.60","","-0.09%"
"01/26/2017","2,296.70","2,298.60","2,301.00","2,294.10","","-0.07%"
"01/25/2017","2,298.40","2,288.90","2,299.60","2,288.90","","0.80%"
"01/24/2017","2,280.10","2,267.90","2,284.60","2,266.70","","0.66%"
"01/23/2017","2,265.20","2,267.80","2,271.80","2,257.00","","-0.27%"
"01/20/2017","2,271.30","2,270.00","2,277.00","2,265.00","","0.34%"
"01/19/2017","2,263.70","2,271.90","2,274.30","2,258.40","","-0.36%"
"01/18/2017","2,271.90","2,269.10","2,272.00","2,263.30","","0.18%"
"01/17/2017","2,267.90","2,269.10","2,272.10","2,262.80","","-0.29%"
"01/13/2017","2,274.60","2,272.70","2,278.70","2,271.50","","0.18%"
"01/12/2017","2,270.40","2,271.10","2,271.80","2,254.20","","-0.22%"
"01/11/2017","2,275.30","2,268.60","2,275.30","2,260.80","","0.28%"
"01/10/2017","2,268.90","2,269.70","2,279.30","2,265.30","","0.00%"
"01/09/2017","2,268.90","2,273.60","2,275.50","2,268.90","","-0.36%"
"01/06/2017","2,277.00","2,271.10","2,282.10","2,264.10","","0.35%"
"01/05/2017","2,269.00","2,268.20","2,271.50","2,260.40","","-0.08%"
"01/04/2017","2,270.80","2,261.60","2,272.80","2,261.60","","0.58%"
"01/03/2017","2,257.80","2,251.60","2,263.90","2,245.10","","0.85%"
"12/30/2016","2,238.80","2,251.60","2,253.60","2,233.60","","-0.47%"
"12/29/2016","2,249.30","2,249.50","2,254.50","2,244.60","","-0.03%"
"12/28/2016","2,249.90","2,270.20","2,271.30","2,249.10","","-0.84%"
"12/27/2016","2,268.90","2,266.20","2,273.80","2,266.20","","0.23%"
"12/23/2016","2,263.80","2,260.20","2,263.80","2,258.80","","0.12%"
"12/22/2016","2,261.00","2,262.90","2,263.20","2,256.10","","-0.19%"
"12/21/2016","2,265.20","2,270.50","2,271.20","2,265.20","","-0.25%"
"12/20/2016","2,270.80","2,266.50","2,272.60","2,266.10","","0.37%"
"12/19/2016","2,262.50","2,259.20","2,267.50","2,258.20","","0.19%"
"12/16/2016","2,258.10","2,266.80","2,268.10","2,254.20","","-0.17%"
"12/15/2016","2,262.00","2,253.80","2,272.10","2,253.80","","0.39%"
"12/14/2016","2,253.30","2,268.30","2,276.20","2,248.40","","-0.81%"
"12/13/2016","2,271.70","2,263.30","2,277.50","2,263.30","","0.65%"
"12/12/2016","2,257.00","2,258.80","2,264.00","2,252.40","","-0.11%"
"12/09/2016","2,259.50","2,249.70","2,259.80","2,249.20","","0.59%"
"12/08/2016","2,246.20","2,241.10","2,251.70","2,237.60","","0.22%"
"12/07/2016","2,241.30","2,210.70","2,241.60","2,208.90","","1.32%"
"12/06/2016","2,212.20","2,207.30","2,212.80","2,202.20","","0.34%"
"12/05/2016","2,204.70","2,200.70","2,209.40","2,200.00","","0.58%"
"12/02/2016","2,191.90","2,191.10","2,197.90","2,188.40","","0.04%"
"12/01/2016","2,191.10","2,200.20","2,202.60","2,187.40","","-0.35%"
"11/30/2016","2,198.80","2,205.00","2,214.10","2,198.80","","-0.27%"
"11/29/2016","2,204.70","2,200.80","2,210.50","2,198.20","","0.14%"
"11/28/2016","2,201.70","2,210.20","2,211.10","2,200.40","","-0.52%"
"11/25/2016","2,213.30","2,206.30","2,213.30","2,206.30","","0.39%"
"11/23/2016","2,204.70","2,198.60","2,204.70","2,194.50","","0.08%"
"11/22/2016","2,202.90","2,201.60","2,204.80","2,194.50","","0.21%"
"11/21/2016","2,198.20","2,186.40","2,198.70","2,186.40","","0.75%"
"11/18/2016","2,181.90","2,186.80","2,189.90","2,180.40","","-0.24%"
"11/17/2016","2,187.10","2,178.60","2,188.10","2,176.70","","0.47%"
"11/16/2016","2,176.90","2,177.50","2,179.20","2,172.20","","-0.16%"
"11/15/2016","2,180.40","2,168.30","2,180.80","2,166.40","","0.75%"
"11/14/2016","2,164.20","2,165.60","2,171.40","2,156.10","","-0.01%"
"11/11/2016","2,164.40","2,162.70","2,165.90","2,152.50","","-0.14%"
"11/10/2016","2,167.50","2,167.50","2,182.30","2,151.20","","0.19%"
"11/09/2016","2,163.30","2,131.60","2,170.10","2,125.30","","1.11%"
"11/08/2016","2,139.60","2,129.90","2,146.90","2,123.60","","0.38%"
"11/07/2016","2,131.50","2,100.60","2,132.00","2,100.60","","2.22%"
"11/04/2016","2,085.20","2,083.80","2,099.10","2,083.80","","-0.17%"
"11/03/2016","2,088.70","2,098.80","2,102.60","2,085.20","","-0.44%"
"11/02/2016","2,097.90","2,109.40","2,111.80","2,094.00","","-0.65%"
"11/01/2016","2,111.70","2,128.70","2,131.40","2,097.80","","-0.68%"
"10/31/2016","2,126.20","2,129.80","2,133.20","2,125.50","","-0.01%"
"10/28/2016","2,126.40","2,132.20","2,140.70","2,119.40","","-0.31%"
"10/27/2016","2,133.00","2,144.10","2,147.10","2,132.50","","-0.30%"
"10/26/2016","2,139.40","2,137.00","2,145.70","2,131.60","","-0.18%"
"10/25/2016","2,143.20","2,149.70","2,151.40","2,141.90","","-0.38%"
"10/24/2016","2,151.30","2,148.50","2,154.80","2,146.90","","0.47%"
"10/21/2016","2,141.20","2,139.40","2,142.60","2,130.10","","0.00%"
"10/20/2016","2,141.30","2,142.50","2,147.20","2,133.40","","-0.14%"
"10/19/2016","2,144.30","2,140.80","2,148.40","2,138.20","","0.22%"
"10/18/2016","2,139.60","2,138.30","2,144.40","2,135.50","","0.62%"
"10/17/2016","2,126.50","2,132.90","2,135.60","2,124.40","","-0.30%"
"10/14/2016","2,133.00","2,139.70","2,149.20","2,133.00","","0.02%"
"10/13/2016","2,132.60","2,130.30","2,138.20","2,114.70","","-0.31%"
"10/12/2016","2,139.20","2,137.70","2,145.40","2,132.80","","0.12%"
"10/11/2016","2,136.70","2,161.30","2,161.60","2,128.80","","-1.25%"
"10/10/2016","2,163.70","2,160.40","2,169.60","2,160.40","","0.46%"
"10/07/2016","2,153.70","2,164.20","2,165.90","2,144.80","","-0.33%"
"10/06/2016","2,160.80","2,158.20","2,162.90","2,150.30","","0.05%"
"10/05/2016","2,159.70","2,155.20","2,163.90","2,155.20","","0.43%"
"10/04/2016","2,150.50","2,163.40","2,165.50","2,144.00","","-0.50%"
"10/03/2016","2,161.20","2,164.30","2,164.40","2,154.80","","-0.33%"
"09/30/2016","2,168.30","2,156.50","2,175.30","2,156.50","","0.80%"
"09/29/2016","2,151.10","2,168.90","2,172.70","2,145.20","","-0.93%"
"09/28/2016","2,171.40","2,161.80","2,172.40","2,151.80","","0.53%"
"09/27/2016","2,159.90","2,146.00","2,161.10","2,141.60","","0.64%"
"09/26/2016","2,146.10","2,158.50","2,158.50","2,145.00","","-0.86%"
"09/23/2016","2,164.70","2,173.30","2,173.80","2,164.00","","-0.57%"
"09/22/2016","2,177.20","2,170.90","2,180.00","2,170.90","","0.65%"
"09/21/2016","2,163.10","2,144.60","2,165.10","2,139.60","","1.09%"
"09/20/2016","2,139.80","2,145.90","2,150.80","2,139.20","","0.03%"
"09/19/2016","2,139.10","2,144.00","2,153.60","2,135.90","","0.00%"
"09/16/2016","2,139.20","2,146.50","2,146.50","2,131.20","","-0.38%"
"09/15/2016","2,147.30","2,125.40","2,151.30","2,122.40","","1.01%"
"09/14/2016","2,125.80","2,127.90","2,141.30","2,119.90","","-0.06%"
"09/13/2016","2,127.00","2,150.50","2,150.50","2,120.30","","-1.48%"
"09/12/2016","2,159.00","2,120.90","2,163.30","2,119.10","","1.47%"
"09/09/2016","2,127.80","2,169.10","2,169.10","2,127.80","","-2.45%"
"09/08/2016","2,181.30","2,182.80","2,184.90","2,177.50","","-0.22%"
"09/07/2016","2,186.20","2,185.20","2,187.90","2,179.10","","-0.01%"
"09/06/2016","2,186.50","2,181.60","2,186.60","2,175.10","","0.30%"
"09/02/2016","2,180.00","2,177.50","2,184.90","2,173.60","","0.42%"
"09/01/2016","2,170.90","2,171.30","2,173.60","2,157.10","","0.00%"
"08/31/2016","2,170.90","2,173.60","2,173.80","2,161.30","","-0.24%"
"08/30/2016","2,176.10","2,179.40","2,182.30","2,170.40","","-0.20%"
"08/29/2016","2,180.40","2,170.20","2,183.50","2,170.20","","0.53%"
"08/26/2016","2,169.00","2,175.10","2,187.90","2,160.40","","-0.16%"
"08/25/2016","2,172.50","2,173.30","2,179.00","2,169.70","","-0.13%"
"08/24/2016","2,175.40","2,185.10","2,186.70","2,171.20","","-0.53%"
"08/23/2016","2,186.90","2,187.80","2,193.40","2,186.80","","0.20%"
"08/22/2016","2,182.60","2,181.60","2,185.20","2,176.00","","-0.06%"
"08/19/2016","2,183.90","2,184.20","2,185.00","2,175.10","","-0.14%"
"08/18/2016","2,187.00","2,181.90","2,187.00","2,180.50","","0.22%"
"08/17/2016","2,182.20","2,177.80","2,183.10","2,168.50","","0.18%"
"08/16/2016","2,178.20","2,186.20","2,186.20","2,178.10","","-0.55%"
"08/15/2016","2,190.20","2,186.10","2,193.80","2,186.10","","0.28%"
"08/12/2016","2,184.10","2,183.70","2,186.30","2,179.40","","-0.08%"
"08/11/2016","2,185.80","2,178.00","2,188.40","2,178.00","","0.47%"
"08/10/2016","2,175.50","2,182.80","2,183.40","2,172.00","","-0.28%"
"08/09/2016","2,181.70","2,182.20","2,187.70","2,178.60","","0.04%"
"08/08/2016","2,180.90","2,183.80","2,185.40","2,177.80","","-0.09%"
"08/05/2016","2,182.90","2,168.80","2,182.90","2,168.80","","0.86%"
"08/04/2016","2,164.20","2,163.50","2,168.20","2,159.10","","0.02%"
"08/03/2016","2,163.80","2,156.80","2,163.80","2,152.60","","0.32%"
"08/02/2016","2,157.00","2,169.90","2,170.20","2,147.60","","-0.64%"
"08/01/2016","2,170.80","2,173.20","2,178.30","2,166.20","","-0.13%"
"07/29/2016","2,173.60","2,168.80","2,177.10","2,163.50","","0.16%"
"07/28/2016","2,170.10","2,166.10","2,172.80","2,159.70","","0.16%"
"07/27/2016","2,166.60","2,169.80","2,175.00","2,159.10","","-0.12%"
"07/26/2016","2,169.20","2,169.00","2,173.50","2,160.20","","0.03%"
"07/25/2016","2,168.50","2,173.70","2,173.70","2,161.90","","-0.30%"
"07/22/2016","2,175.00","2,166.50","2,175.10","2,163.20","","0.45%"
"07/21/2016","2,165.20","2,172.90","2,174.60","2,159.80","","-0.36%"
"07/20/2016","2,173.00","2,166.10","2,175.60","2,164.90","","0.43%"
"07/19/2016","2,163.80","2,163.80","2,164.60","2,159.00","","-0.14%"
"07/18/2016","2,166.90","2,162.00","2,168.30","2,159.60","","0.24%"
"07/15/2016","2,161.70","2,165.10","2,169.10","2,155.80","","-0.10%"
"07/14/2016","2,163.80","2,157.90","2,169.00","2,157.90","","0.53%"
"07/13/2016","2,152.40","2,153.80","2,156.40","2,146.20","","0.01%"
"07/12/2016","2,152.10","2,139.50","2,155.40","2,139.50","","0.70%"
"07/11/2016","2,137.20","2,131.70","2,143.20","2,131.70","","0.34%"
"07/08/2016","2,129.90","2,107.00","2,131.70","2,107.00","","1.53%"
"07/07/2016","2,097.90","2,100.40","2,109.10","2,089.40","","-0.09%"
"07/06/2016","2,099.70","2,084.40","2,100.70","2,074.00","","0.53%"
"07/05/2016","2,088.60","2,095.10","2,095.10","2,080.90","","-0.68%"
"07/01/2016","2,102.90","2,099.30","2,108.70","2,097.90","","0.19%"
"06/30/2016","2,098.90","2,073.20","2,098.90","2,070.00","","1.36%"
"06/29/2016","2,070.80","2,042.70","2,073.10","2,042.70","","1.70%"
"06/28/2016","2,036.10","2,006.70","2,036.10","2,006.70","","1.78%"
"06/27/2016","2,000.50","2,031.50","2,031.50","1,991.70","","-1.81%"
"06/24/2016","2,037.40","2,103.80","2,103.80","2,032.60","","-3.59%"
"06/23/2016","2,113.30","2,092.80","2,113.30","2,092.80","","1.34%"
"06/22/2016","2,085.40","2,089.80","2,099.70","2,084.40","","-0.17%"
"06/21/2016","2,088.90","2,085.20","2,093.70","2,083.00","","0.27%"
"06/20/2016","2,083.20","2,075.60","2,100.70","2,075.60","","0.58%"
"06/17/2016","2,071.20","2,078.20","2,078.20","2,062.80","","-0.33%"
"06/16/2016","2,078.00","2,066.40","2,079.60","2,050.40","","0.31%"
"06/15/2016","2,071.50","2,077.60","2,085.70","2,069.80","","-0.18%"
"06/14/2016","2,075.30","2,076.70","2,081.30","2,064.10","","-0.18%"
"06/13/2016","2,079.10","2,091.80","2,098.10","2,078.50","","-0.81%"
"06/10/2016","2,096.10","2,109.60","2,109.60","2,090.00","","-0.92%"
"06/09/2016","2,115.50","2,115.70","2,117.60","2,107.70","","-0.17%"
"06/08/2016","2,119.10","2,112.70","2,120.60","2,112.70","","0.33%"
"06/07/2016","2,112.10","2,110.20","2,119.20","2,110.20","","0.13%"
"06/06/2016","2,109.40","2,100.80","2,113.40","2,100.80","","0.49%"
"06/03/2016","2,099.10","2,104.10","2,104.10","2,085.40","","-0.29%"
"06/02/2016","2,105.30","2,097.70","2,105.30","2,088.60","","0.29%"
"06/01/2016","2,099.30","2,093.90","2,101.00","2,085.10","","0.11%"
"05/31/2016","2,097.00","2,100.10","2,103.50","2,088.70","","-0.10%"
"05/27/2016","2,099.10","2,090.10","2,099.10","2,090.10","","0.43%"
"05/26/2016","2,090.10","2,091.40","2,094.30","2,087.10","","-0.02%"
"05/25/2016","2,090.50","2,078.90","2,094.70","2,078.90","","0.69%"
"05/24/2016","2,076.10","2,052.70","2,079.70","2,052.70","","1.37%"
"05/23/2016","2,048.00","2,052.20","2,055.60","2,047.30","","-0.21%"
"05/20/2016","2,052.30","2,041.90","2,058.30","2,041.90","","0.60%"
"05/19/2016","2,040.00","2,044.20","2,044.20","2,025.90","","-0.37%"
"05/18/2016","2,047.60","2,044.40","2,060.60","2,034.50","","0.02%"
"05/17/2016","2,047.20","2,065.00","2,065.70","2,040.80","","-0.94%"
"05/16/2016","2,066.70","2,046.50","2,071.90","2,046.50","","0.98%"
"05/13/2016","2,046.60","2,062.50","2,066.80","2,043.10","","-0.85%"
"05/12/2016","2,064.10","2,067.20","2,074.00","2,053.10","","-0.02%"
"05/11/2016","2,064.50","2,083.30","2,083.30","2,064.50","","-0.95%"
"05/10/2016","2,084.40","2,062.60","2,084.90","2,062.60","","1.25%"
"05/09/2016","2,058.70","2,057.60","2,064.20","2,054.30","","0.08%"
"05/06/2016","2,057.10","2,047.80","2,057.70","2,039.50","","0.32%"
"05/05/2016","2,050.60","2,052.90","2,060.20","2,045.80","","-0.02%"
"05/04/2016","2,051.10","2,060.30","2,060.30","2,045.50","","-0.60%"
"05/03/2016","2,063.40","2,077.20","2,077.20","2,054.90","","-0.86%"
"05/02/2016","2,081.40","2,067.20","2,083.40","2,066.10","","0.78%"
"04/29/2016","2,065.30","2,071.80","2,073.80","2,052.30","","-0.51%"
"04/28/2016","2,075.80","2,090.90","2,099.30","2,071.60","","-0.93%"
"04/27/2016","2,095.20","2,092.30","2,099.90","2,082.30","","0.17%"
"04/26/2016","2,091.70","2,089.80","2,096.90","2,085.80","","0.19%"
"04/25/2016","2,087.80","2,089.40","2,089.40","2,077.50","","-0.18%"
"04/22/2016","2,091.60","2,091.50","2,094.30","2,081.20","","0.00%"
"04/21/2016","2,091.50","2,102.10","2,103.80","2,088.50","","-0.52%"
"04/20/2016","2,102.40","2,101.50","2,111.10","2,096.30","","0.08%"
"04/19/2016","2,100.80","2,096.10","2,104.10","2,091.70","","0.31%"
"04/18/2016","2,094.30","2,078.80","2,094.70","2,073.70","","0.65%"
"04/15/2016","2,080.70","2,083.10","2,083.20","2,076.30","","-0.10%"
"04/14/2016","2,082.80","2,082.90","2,087.80","2,078.10","","0.02%"
"04/13/2016","2,082.40","2,065.90","2,083.20","2,065.90","","1.00%"
"04/12/2016","2,061.70","2,043.70","2,065.10","2,039.70","","0.96%"
"04/11/2016","2,042.00","2,050.20","2,062.90","2,041.90","","-0.27%"
"04/08/2016","2,047.60","2,045.50","2,060.60","2,041.70","","0.28%"
"04/07/2016","2,041.90","2,063.00","2,063.00","2,033.80","","-1.20%"
"04/06/2016","2,066.70","2,045.60","2,067.30","2,043.10","","1.05%"
"04/05/2016","2,045.20","2,062.50","2,062.50","2,042.60","","-1.01%"
"04/04/2016","2,066.10","2,073.20","2,074.00","2,062.60","","-0.32%"
"04/01/2016","2,072.80","2,056.60","2,075.10","2,044.00","","0.64%"
"03/31/2016","2,059.70","2,063.80","2,067.90","2,057.50","","-0.20%"
"03/30/2016","2,063.90","2,058.30","2,072.20","2,058.30","","0.43%"
"03/29/2016","2,055.00","2,035.80","2,055.90","2,028.30","","0.88%"
"03/28/2016","2,037.00","2,037.90","2,042.70","2,032.00","","0.05%"
"03/24/2016","2,035.90","2,032.50","2,036.00","2,022.50","","-0.04%"
"03/23/2016","2,036.70","2,048.60","2,048.60","2,034.90","","-0.64%"
"03/22/2016","2,049.80","2,048.60","2,056.60","2,040.60","","-0.09%"
"03/21/2016","2,051.60","2,047.90","2,053.90","2,043.10","","0.10%"
"03/18/2016","2,049.60","2,041.20","2,052.40","2,041.20","","0.44%"
"03/17/2016","2,040.60","2,026.90","2,046.20","2,022.20","","0.66%"
"03/16/2016","2,027.20","2,014.20","2,032.00","2,010.00","","0.56%"
"03/15/2016","2,015.90","2,015.30","2,015.90","2,005.20","","-0.18%"
"03/14/2016","2,019.60","2,019.30","2,024.60","2,012.00","","-0.13%"
"03/11/2016","2,022.20","1,994.70","2,022.40","1,994.70","","1.64%"
"03/10/2016","1,989.60","1,991.00","2,005.10","1,969.20","","0.02%"
"03/09/2016","1,989.30","1,981.40","1,992.70","1,979.80","","0.51%"
"03/08/2016","1,979.30","1,996.90","1,996.90","1,977.40","","-1.12%"
"03/07/2016","2,001.80","1,996.10","2,006.10","1,989.40","","0.09%"
"03/04/2016","2,000.00","1,994.00","2,009.10","1,986.80","","0.33%"
"03/03/2016","1,993.40","1,985.60","1,993.70","1,977.40","","0.35%"
"03/02/2016","1,986.50","1,976.60","1,986.50","1,968.80","","0.41%"
"03/01/2016","1,978.30","1,937.10","1,978.30","1,937.10","","2.39%"
"02/29/2016","1,932.20","1,947.10","1,958.30","1,931.80","","-0.81%"
"02/26/2016","1,948.00","1,955.00","1,963.00","1,945.80","","-0.19%"
"02/25/2016","1,951.70","1,931.90","1,951.80","1,925.40","","1.13%"
"02/24/2016","1,929.80","1,917.60","1,932.10","1,891.00","","0.44%"
"02/23/2016","1,921.30","1,942.40","1,942.40","1,919.40","","-1.24%"
"02/22/2016","1,945.50","1,924.40","1,946.70","1,924.40","","1.44%"
"02/19/2016","1,917.80","1,916.70","1,918.80","1,902.20","","0.00%"
"02/18/2016","1,917.80","1,927.60","1,930.00","1,915.10","","-0.47%"
"02/17/2016","1,926.80","1,898.80","1,930.70","1,898.80","","1.65%"
"02/16/2016","1,895.60","1,871.40","1,895.80","1,871.40","","1.65%"
"02/12/2016","1,864.80","1,833.40","1,864.80","1,833.40","","1.95%"
"02/11/2016","1,829.10","1,847.00","1,847.00","1,810.10","","-1.23%"
"02/10/2016","1,851.90","1,857.10","1,881.60","1,850.30","","-0.02%"
"02/09/2016","1,852.20","1,848.50","1,868.20","1,834.90","","-0.06%"
"02/08/2016","1,853.40","1,873.20","1,873.20","1,828.50","","-1.41%"
"02/05/2016","1,880.00","1,913.10","1,913.10","1,872.70","","-1.85%"
"02/04/2016","1,915.50","1,911.70","1,927.30","1,900.50","","0.16%"
"02/03/2016","1,912.50","1,907.10","1,918.00","1,872.20","","0.50%"
"02/02/2016","1,903.00","1,935.30","1,935.30","1,897.30","","-1.88%"
"02/01/2016","1,939.40","1,936.90","1,947.20","1,920.30","","-0.04%"
"01/29/2016","1,940.20","1,894.00","1,940.20","1,894.00","","2.47%"
"01/28/2016","1,893.40","1,885.20","1,903.00","1,873.70","","0.55%"
"01/27/2016","1,883.00","1,902.50","1,917.00","1,872.70","","-1.08%"
"01/26/2016","1,903.60","1,878.80","1,906.70","1,878.80","","1.41%"
"01/25/2016","1,877.10","1,906.30","1,906.30","1,876.00","","-1.56%"
"01/22/2016","1,906.90","1,877.40","1,908.80","1,877.40","","2.03%"
"01/21/2016","1,869.00","1,861.50","1,889.80","1,849.00","","0.52%"
"01/20/2016","1,859.30","1,876.20","1,876.20","1,812.30","","-1.17%"
"01/19/2016","1,881.30","1,888.70","1,901.40","1,864.60","","0.05%"
"01/15/2016","1,880.30","1,916.70","1,916.70","1,857.80","","-2.16%"
"01/14/2016","1,921.80","1,891.70","1,934.50","1,878.90","","1.67%"
"01/13/2016","1,890.30","1,940.30","1,950.30","1,886.40","","-2.50%"
"01/12/2016","1,938.70","1,927.80","1,947.40","1,914.30","","0.78%"
"01/11/2016","1,923.70","1,926.10","1,935.70","1,901.10","","0.09%"
"01/08/2016","1,922.00","1,946.00","1,960.40","1,918.50","","-1.09%"
"01/07/2016","1,943.10","1,985.30","1,985.30","1,938.80","","-2.37%"
"01/06/2016","1,990.30","2,011.70","2,011.70","1,979.00","","-1.31%"
"01/05/2016","2,016.70","2,013.80","2,021.90","2,004.20","","0.20%"
"01/04/2016","2,012.70","2,038.20","2,038.20","1,989.70","","-1.53%"
"12/31/2015","2,043.90","2,060.60","2,062.50","2,043.60","","-0.95%"
"12/30/2015","2,063.40","2,077.30","2,077.30","2,062.00","","-0.72%"
"12/29/2015","2,078.40","2,060.50","2,081.60","2,060.50","","1.06%"
"12/28/2015","2,056.50","2,057.80","2,057.80","2,044.20","","-0.22%"
"12/24/2015","2,061.00","2,063.50","2,067.40","2,058.70","","-0.16%"
"12/23/2015","2,064.30","2,042.20","2,064.70","2,042.20","","1.24%"
"12/22/2015","2,039.00","2,023.20","2,042.70","2,020.50","","0.88%"
"12/21/2015","2,021.20","2,010.30","2,022.90","2,005.90","","0.78%"
"12/18/2015","2,005.50","2,040.80","2,040.80","2,005.30","","-1.78%"
"12/17/2015","2,041.90","2,073.80","2,076.40","2,041.70","","-1.50%"
"12/16/2015","2,073.10","2,046.50","2,076.70","2,042.40","","1.45%"
"12/15/2015","2,043.40","2,025.50","2,053.90","2,025.50","","1.06%"
"12/14/2015","2,021.90","2,013.40","2,022.90","1,993.30","","0.47%"
"12/11/2015","2,012.40","2,047.30","2,047.30","2,008.80","","-1.94%"
"12/10/2015","2,052.20","2,047.90","2,067.70","2,045.70","","0.22%"
"12/09/2015","2,047.60","2,061.20","2,080.30","2,036.50","","-0.78%"
"12/08/2015","2,063.60","2,073.40","2,073.80","2,052.30","","-0.65%"
"12/07/2015","2,077.10","2,090.40","2,090.40","2,066.80","","-0.70%"
"12/04/2015","2,091.70","2,051.20","2,093.80","2,051.20","","2.05%"
"12/03/2015","2,049.60","2,080.70","2,085.00","2,042.30","","-1.44%"
"12/02/2015","2,079.50","2,101.70","2,104.30","2,077.10","","-1.10%"
"12/01/2015","2,102.60","2,082.90","2,103.40","2,082.90","","1.07%"
"11/30/2015","2,080.40","2,090.90","2,093.80","2,080.40","","-0.46%"
"11/27/2015","2,090.10","2,088.80","2,093.30","2,084.10","","0.06%"
"11/25/2015","2,088.90","2,089.30","2,093.00","2,086.30","","-0.01%"
"11/24/2015","2,089.10","2,084.40","2,094.10","2,070.30","","0.12%"
"11/23/2015","2,086.60","2,089.40","2,095.60","2,081.40","","-0.12%"
"11/20/2015","2,089.20","2,082.80","2,097.10","2,082.80","","0.38%"
"11/19/2015","2,081.20","2,083.70","2,086.70","2,078.80","","-0.12%"
"11/18/2015","2,083.60","2,052.00","2,085.30","2,052.00","","1.62%"
"11/17/2015","2,050.40","2,053.70","2,066.70","2,045.90","","-0.14%"
"11/16/2015","2,053.20","2,022.10","2,053.20","2,019.40","","1.49%"
"11/13/2015","2,023.00","2,044.60","2,044.60","2,022.00","","-1.12%"
"11/12/2015","2,046.00","2,072.30","2,072.30","2,045.70","","-1.40%"
"11/11/2015","2,075.00","2,083.40","2,086.90","2,074.80","","-0.32%"
"11/10/2015","2,081.70","2,077.20","2,083.70","2,069.90","","0.15%"
"11/09/2015","2,078.60","2,096.60","2,096.60","2,068.20","","-0.98%"
"11/06/2015","2,099.20","2,098.60","2,101.90","2,083.70","","-0.03%"
"11/05/2015","2,099.90","2,101.70","2,108.80","2,090.40","","-0.11%"
"11/04/2015","2,102.30","2,110.60","2,114.60","2,097.00","","-0.36%"
"11/03/2015","2,109.80","2,102.60","2,116.50","2,097.50","","0.27%"
"11/02/2015","2,104.10","2,080.80","2,106.20","2,080.80","","1.19%"
"10/30/2015","2,079.40","2,090.00","2,094.30","2,079.30","","-0.48%"
"10/29/2015","2,089.40","2,088.30","2,092.50","2,082.60","","-0.04%"
"10/28/2015","2,090.30","2,066.50","2,090.30","2,063.10","","1.18%"
"10/27/2015","2,065.90","2,068.80","2,070.40","2,058.80","","-0.26%"
"10/26/2015","2,071.20","2,075.10","2,075.10","2,066.50","","-0.19%"
"10/23/2015","2,075.20","2,058.20","2,079.70","2,058.20","","1.11%"
"10/22/2015","2,052.50","2,021.90","2,055.20","2,021.90","","1.66%"
"10/21/2015","2,018.90","2,033.50","2,038.00","2,017.20","","-0.59%"
"10/20/2015","2,030.80","2,033.10","2,039.10","2,026.60","","-0.14%"
"10/19/2015","2,033.70","2,031.70","2,034.50","2,022.30","","0.03%"
"10/16/2015","2,033.10","2,024.40","2,033.50","2,020.50","","0.45%"
"10/15/2015","2,023.90","1,996.50","2,024.20","1,996.50","","1.49%"
"10/14/2015","1,994.20","2,003.70","2,009.60","1,990.70","","-0.47%"
"10/13/2015","2,003.70","2,015.00","2,022.30","2,001.80","","-0.68%"
"10/12/2015","2,017.50","2,015.70","2,018.70","2,010.50","","0.13%"
"10/09/2015","2,014.90","2,013.70","2,020.10","2,007.60","","0.07%"
"10/08/2015","2,013.40","1,994.00","2,016.50","1,987.50","","0.88%"
"10/07/2015","1,995.80","1,982.30","1,999.30","1,976.40","","0.80%"
"10/06/2015","1,979.90","1,986.60","1,991.60","1,972.00","","-0.36%"
"10/05/2015","1,987.00","1,954.30","1,989.20","1,954.30","","1.82%"
"10/02/2015","1,951.40","1,921.80","1,951.40","1,893.70","","1.43%"
"10/01/2015","1,923.80","1,919.70","1,927.20","1,900.70","","0.20%"
"09/30/2015","1,920.00","1,887.10","1,920.50","1,887.10","","1.91%"
"09/29/2015","1,884.10","1,881.90","1,899.50","1,871.90","","0.12%"
"09/28/2015","1,881.80","1,929.20","1,929.20","1,879.20","","-2.56%"
"09/25/2015","1,931.30","1,935.90","1,952.90","1,921.50","","-0.05%"
"09/24/2015","1,932.20","1,934.80","1,937.20","1,908.90","","-0.34%"
"09/23/2015","1,938.80","1,943.20","1,949.50","1,932.60","","-0.20%"
"09/22/2015","1,942.70","1,961.40","1,961.40","1,929.20","","-1.24%"
"09/21/2015","1,967.00","1,960.80","1,979.60","1,955.80","","0.46%"
"09/18/2015","1,958.00","1,989.70","1,989.70","1,953.50","","-1.62%"
"09/17/2015","1,990.20","1,995.30","2,020.90","1,986.70","","-0.26%"
"09/16/2015","1,995.30","1,978.00","1,997.30","1,977.90","","0.87%"
"09/15/2015","1,978.10","1,955.10","1,983.20","1,954.30","","1.29%"
"09/14/2015","1,953.00","1,963.10","1,963.10","1,948.30","","-0.41%"
"09/11/2015","1,961.00","1,951.50","1,961.00","1,939.20","","0.45%"
"09/10/2015","1,952.30","1,941.60","1,965.30","1,937.20","","0.53%"
"09/09/2015","1,942.00","1,971.50","1,988.60","1,937.90","","-1.39%"
"09/08/2015","1,969.40","1,927.30","1,970.40","1,927.30","","2.51%"
"09/04/2015","1,921.20","1,947.80","1,947.80","1,911.20","","-1.53%"
"09/03/2015","1,951.10","1,950.80","1,975.00","1,944.70","","0.11%"
"09/02/2015","1,948.90","1,916.50","1,948.90","1,916.50","","1.83%"
"09/01/2015","1,913.80","1,970.10","1,970.10","1,903.10","","-2.96%"
"08/31/2015","1,972.20","1,986.70","1,986.70","1,966.00","","-0.84%"
"08/28/2015","1,988.90","1,986.10","1,993.50","1,975.20","","0.06%"
"08/27/2015","1,987.70","1,942.80","1,989.60","1,942.80","","2.43%"
"08/26/2015","1,940.50","1,872.80","1,943.10","1,872.80","","3.90%"
"08/25/2015","1,867.60","1,898.10","1,948.00","1,867.10","","-1.35%"
"08/24/2015","1,893.20","1,965.20","1,965.20","1,867.00","","-3.94%"
"08/21/2015","1,970.90","2,034.10","2,034.10","1,970.90","","-3.18%"
"08/20/2015","2,035.70","2,076.60","2,076.60","2,035.70","","-2.11%"
"08/19/2015","2,079.60","2,095.70","2,096.20","2,070.50","","-0.83%"
"08/18/2015","2,096.90","2,102.00","2,103.50","2,094.10","","-0.26%"
"08/17/2015","2,102.40","2,089.70","2,102.90","2,079.30","","0.52%"
"08/14/2015","2,091.50","2,083.20","2,092.40","2,080.60","","0.39%"
"08/13/2015","2,083.40","2,086.20","2,092.90","2,078.30","","-0.13%"
"08/12/2015","2,086.10","2,081.10","2,089.10","2,052.10","","0.10%"
"08/11/2015","2,084.10","2,102.70","2,102.70","2,076.50","","-0.96%"
"08/10/2015","2,104.20","2,081.00","2,105.30","2,081.00","","1.28%"
"08/07/2015","2,077.60","2,082.60","2,082.60","2,067.90","","-0.29%"
"08/06/2015","2,083.60","2,100.80","2,103.30","2,075.50","","-0.77%"
"08/05/2015","2,099.80","2,095.30","2,112.70","2,095.30","","0.31%"
"08/04/2015","2,093.30","2,097.70","2,102.50","2,088.60","","-0.22%"
"08/03/2015","2,098.00","2,104.50","2,105.70","2,087.30","","-0.28%"
"07/31/2015","2,103.80","2,111.60","2,114.20","2,102.10","","-0.23%"
"07/30/2015","2,108.60","2,106.80","2,110.50","2,095.00","","0.00%"
"07/29/2015","2,108.60","2,094.70","2,110.60","2,094.10","","0.74%"
"07/28/2015","2,093.20","2,070.80","2,095.60","2,069.10","","1.24%"
"07/27/2015","2,067.60","2,078.20","2,078.20","2,063.50","","-0.58%"
"07/24/2015","2,079.70","2,102.20","2,106.00","2,077.10","","-1.07%"
"07/23/2015","2,102.20","2,114.20","2,116.90","2,098.60","","-0.57%"
"07/22/2015","2,114.20","2,118.20","2,118.50","2,110.00","","-0.24%"
"07/21/2015","2,119.20","2,127.60","2,128.50","2,115.40","","-0.43%"
"07/20/2015","2,128.30","2,126.80","2,132.80","2,123.70","","0.08%"
"07/17/2015","2,126.60","2,126.80","2,128.90","2,119.90","","0.11%"
"07/16/2015","2,124.30","2,110.60","2,124.40","2,110.60","","0.80%"
"07/15/2015","2,107.40","2,109.00","2,114.10","2,102.50","","-0.07%"
"07/14/2015","2,108.90","2,099.70","2,112.00","2,098.20","","0.44%"
"07/13/2015","2,099.60","2,080.00","2,100.70","2,080.00","","1.11%"
"07/10/2015","2,076.60","2,052.70","2,081.30","2,052.70","","1.23%"
"07/09/2015","2,051.30","2,049.70","2,074.30","2,049.70","","0.22%"
"07/08/2015","2,046.70","2,077.70","2,077.70","2,044.70","","-1.66%"
"07/07/2015","2,081.30","2,069.50","2,083.70","2,044.00","","0.60%"
"07/06/2015","2,068.80","2,073.90","2,078.60","2,058.40","","-0.39%"
"07/02/2015","2,076.80","2,078.00","2,085.10","2,071.00","","-0.03%"
"07/01/2015","2,077.40","2,067.00","2,082.80","2,067.00","","0.69%"
"06/30/2015","2,063.10","2,061.20","2,074.30","2,056.30","","0.27%"
"06/29/2015","2,057.60","2,098.60","2,098.60","2,056.60","","-2.09%"
"06/26/2015","2,101.50","2,102.60","2,108.90","2,095.40","","-0.04%"
"06/25/2015","2,102.30","2,110.00","2,116.00","2,101.80","","-0.30%"
"06/24/2015","2,108.60","2,123.70","2,125.10","2,108.60","","-0.73%"
"06/23/2015","2,124.20","2,123.20","2,128.00","2,119.90","","0.07%"
"06/22/2015","2,122.80","2,112.50","2,129.90","2,112.50","","0.61%"
"06/19/2015","2,110.00","2,121.10","2,121.60","2,109.40","","-0.53%"
"06/18/2015","2,121.20","2,101.60","2,126.70","2,101.60","","0.99%"
"06/17/2015","2,100.40","2,097.40","2,106.80","2,088.90","","0.20%"
"06/16/2015","2,096.30","2,084.30","2,097.40","2,082.10","","0.57%"
"06/15/2015","2,084.40","2,091.30","2,091.30","2,072.50","","-0.46%"
"06/12/2015","2,094.10","2,107.40","2,107.40","2,091.30","","-0.70%"
"06/11/2015","2,108.90","2,106.20","2,115.00","2,106.20","","0.18%"
"06/10/2015","2,105.20","2,081.10","2,108.50","2,081.10","","1.20%"
"06/09/2015","2,080.20","2,079.10","2,085.60","2,072.10","","0.04%"
"06/08/2015","2,079.30","2,092.30","2,093.00","2,079.10","","-0.65%"
"06/05/2015","2,092.80","2,095.10","2,101.00","2,085.70","","-0.14%"
"06/04/2015","2,095.80","2,112.30","2,112.90","2,093.20","","-0.87%"
"06/03/2015","2,114.10","2,110.60","2,121.90","2,109.60","","0.21%"
"06/02/2015","2,109.60","2,110.40","2,117.60","2,099.10","","-0.10%"
"06/01/2015","2,111.70","2,108.60","2,119.20","2,102.50","","0.20%"
"05/29/2015","2,107.40","2,120.70","2,120.70","2,104.90","","-0.63%"
"05/28/2015","2,120.80","2,122.30","2,122.30","2,112.90","","-0.13%"
"05/27/2015","2,123.50","2,105.10","2,126.20","2,105.10","","0.92%"
"05/26/2015","2,104.20","2,125.30","2,125.30","2,099.20","","-1.03%"
"05/22/2015","2,126.10","2,130.40","2,132.20","2,126.10","","-0.22%"
"05/21/2015","2,130.80","2,125.60","2,134.30","2,122.90","","0.24%"
"05/20/2015","2,125.80","2,127.80","2,134.70","2,122.60","","-0.09%"
"05/19/2015","2,127.80","2,129.40","2,133.00","2,124.50","","-0.07%"
"05/18/2015","2,129.20","2,121.30","2,131.80","2,120.00","","0.31%"
"05/15/2015","2,122.70","2,122.10","2,123.90","2,116.80","","0.08%"
"05/14/2015","2,121.10","2,100.40","2,121.40","2,100.40","","1.08%"
"05/13/2015","2,098.50","2,099.60","2,110.20","2,096.00","","-0.03%"
"05/12/2015","2,099.10","2,102.90","2,105.10","2,085.60","","-0.29%"
"05/11/2015","2,105.30","2,115.60","2,117.70","2,104.60","","-0.51%"
"05/08/2015","2,116.10","2,092.10","2,117.70","2,092.10","","1.35%"
"05/07/2015","2,088.00","2,080.00","2,092.90","2,075.00","","0.37%"
"05/06/2015","2,080.20","2,091.30","2,098.40","2,067.90","","-0.45%"
"05/05/2015","2,089.50","2,112.60","2,115.20","2,088.50","","-1.18%"
"05/04/2015","2,114.50","2,110.20","2,120.90","2,110.20","","0.29%"
"05/01/2015","2,108.30","2,087.40","2,108.40","2,087.40","","1.09%"
"04/30/2015","2,085.50","2,105.50","2,105.50","2,077.60","","-1.01%"
"04/29/2015","2,106.80","2,112.50","2,113.70","2,097.40","","-0.38%"
"04/28/2015","2,114.80","2,108.30","2,116.10","2,094.90","","0.28%"
"04/27/2015","2,108.90","2,119.30","2,125.90","2,107.00","","-0.42%"
"04/24/2015","2,117.70","2,112.80","2,120.90","2,112.80","","0.23%"
"04/23/2015","2,112.90","2,107.20","2,120.50","2,103.20","","0.23%"
"04/22/2015","2,108.00","2,098.30","2,110.00","2,091.10","","0.51%"
"04/21/2015","2,097.30","2,102.80","2,109.60","2,094.40","","-0.15%"
"04/20/2015","2,100.40","2,084.10","2,103.90","2,084.10","","0.92%"
"04/17/2015","2,081.20","2,102.60","2,102.60","2,072.40","","-1.13%"
"04/16/2015","2,105.00","2,106.00","2,111.30","2,100.00","","-0.08%"
"04/15/2015","2,106.60","2,097.80","2,111.90","2,097.80","","0.52%"
"04/14/2015","2,095.80","2,092.30","2,098.60","2,083.20","","0.16%"
"04/13/2015","2,092.40","2,102.00","2,107.70","2,092.30","","-0.46%"
"04/10/2015","2,102.10","2,091.50","2,102.60","2,091.50","","0.52%"
"04/09/2015","2,091.20","2,081.30","2,093.30","2,074.30","","0.45%"
"04/08/2015","2,081.90","2,076.90","2,086.70","2,073.30","","0.27%"
"04/07/2015","2,076.30","2,080.80","2,089.80","2,076.10","","-0.21%"
"04/06/2015","2,080.60","2,064.90","2,087.00","2,056.50","","0.66%"
"04/02/2015","2,067.00","2,060.00","2,072.20","2,057.30","","0.35%"
"04/01/2015","2,059.70","2,067.60","2,067.60","2,048.40","","-0.40%"
"03/31/2015","2,067.90","2,084.10","2,084.10","2,067.00","","-0.88%"
"03/30/2015","2,086.20","2,064.10","2,089.00","2,064.10","","1.22%"
"03/27/2015","2,061.00","2,055.80","2,062.80","2,053.00","","0.23%"
"03/26/2015","2,056.20","2,059.90","2,067.20","2,045.50","","-0.24%"
"03/25/2015","2,061.10","2,093.10","2,097.40","2,061.10","","-1.45%"
"03/24/2015","2,091.50","2,103.90","2,107.60","2,091.50","","-0.61%"
"03/23/2015","2,104.40","2,108.00","2,114.90","2,104.40","","-0.18%"
"03/20/2015","2,108.10","2,090.30","2,113.90","2,090.30","","0.90%"
"03/19/2015","2,089.30","2,098.70","2,098.70","2,085.60","","-0.49%"
"03/18/2015","2,099.50","2,072.80","2,106.80","2,061.20","","1.21%"
"03/17/2015","2,074.30","2,080.60","2,080.60","2,065.10","","-0.33%"
"03/16/2015","2,081.20","2,055.30","2,081.40","2,055.30","","1.35%"
"03/13/2015","2,053.40","2,064.60","2,064.60","2,041.20","","-0.61%"
"03/12/2015","2,065.90","2,041.10","2,066.40","2,041.10","","1.26%"
"03/11/2015","2,040.20","2,044.70","2,050.10","2,039.70","","-0.20%"
"03/10/2015","2,044.20","2,076.10","2,076.10","2,044.20","","-1.69%"
"03/09/2015","2,079.40","2,072.20","2,083.50","2,072.20","","0.39%"
"03/06/2015","2,071.30","2,100.90","2,100.90","2,067.30","","-1.41%"
"03/05/2015","2,101.00","2,098.50","2,104.20","2,095.20","","0.12%"
"03/04/2015","2,098.50","2,107.70","2,107.70","2,087.60","","-0.44%"
"03/03/2015","2,107.80","2,115.80","2,115.80","2,098.30","","-0.45%"
"03/02/2015","2,117.40","2,105.20","2,117.50","2,104.50","","0.61%"
"02/27/2015","2,104.50","2,110.90","2,112.70","2,103.80","","-0.29%"
"02/26/2015","2,110.70","2,113.90","2,113.90","2,103.80","","-0.15%"
"02/25/2015","2,113.90","2,115.30","2,119.60","2,109.90","","-0.08%"
"02/24/2015","2,115.50","2,109.10","2,117.90","2,105.90","","0.27%"
"02/23/2015","2,109.70","2,109.80","2,110.10","2,103.00","","-0.03%"
"02/20/2015","2,110.30","2,097.70","2,110.60","2,085.40","","0.62%"
"02/19/2015","2,097.40","2,099.20","2,102.10","2,090.80","","-0.11%"
"02/18/2015","2,099.70","2,099.20","2,100.20","2,092.20","","-0.03%"
"02/17/2015","2,100.30","2,096.50","2,101.30","2,089.80","","0.16%"
"02/13/2015","2,097.00","2,088.80","2,097.00","2,086.70","","0.41%"
"02/12/2015","2,088.50","2,070.00","2,088.50","2,070.00","","0.97%"
"02/11/2015","2,068.50","2,068.60","2,073.50","2,058.00","","0.00%"
"02/10/2015","2,068.60","2,049.40","2,070.90","2,048.60","","1.07%"
"02/09/2015","2,046.70","2,053.50","2,056.20","2,041.90","","-0.43%"
"02/06/2015","2,055.50","2,062.30","2,072.40","2,050.00","","-0.34%"
"02/05/2015","2,062.50","2,043.50","2,063.60","2,043.50","","1.03%"
"02/04/2015","2,041.50","2,048.90","2,054.70","2,036.70","","-0.41%"
"02/03/2015","2,050.00","2,022.70","2,050.30","2,022.70","","1.44%"
"02/02/2015","2,020.80","1,996.70","2,021.70","1,980.90","","1.29%"
"01/30/2015","1,995.00","2,019.30","2,023.30","1,993.40","","-1.30%"
"01/29/2015","2,021.20","2,002.50","2,024.60","1,989.20","","0.95%"
"01/28/2015","2,002.20","2,032.30","2,042.50","2,001.50","","-1.35%"
"01/27/2015","2,029.50","2,047.90","2,047.90","2,019.90","","-1.34%"
"01/26/2015","2,057.10","2,050.40","2,057.60","2,041.00","","0.26%"
"01/23/2015","2,051.80","2,063.00","2,063.00","2,050.50","","-0.55%"
"01/22/2015","2,063.20","2,034.30","2,064.60","2,026.40","","1.53%"
"01/21/2015","2,032.10","2,020.20","2,038.30","2,012.00","","0.47%"
"01/20/2015","2,022.50","2,020.80","2,028.90","2,004.50","","0.15%"
"01/16/2015","2,019.40","1,992.20","2,020.50","1,988.10","","1.34%"
"01/15/2015","1,992.70","2,013.80","2,021.30","1,991.50","","-0.92%"
"01/14/2015","2,011.30","2,018.40","2,018.40","1,988.40","","-0.58%"
"01/13/2015","2,023.00","2,031.60","2,056.90","2,008.20","","-0.26%"
"01/12/2015","2,028.30","2,046.10","2,049.30","2,022.60","","-0.81%"
"01/09/2015","2,044.80","2,063.40","2,064.40","2,038.30","","-0.84%"
"01/08/2015","2,062.10","2,030.60","2,064.10","2,030.60","","1.79%"
"01/07/2015","2,025.90","2,005.50","2,029.60","2,005.50","","1.16%"
"01/06/2015","2,002.60","2,022.20","2,030.20","1,992.40","","-0.89%"
"01/05/2015","2,020.60","2,054.40","2,054.40","2,017.30","","-1.83%"
"01/02/2015","2,058.20","2,058.90","2,072.40","2,046.00","","-0.03%"